<?xml version="1.0"?>
<DentalContainer version="2020-1">
  <Object name="MainObject" type="TDM_Container">
    <Object name="OrderList" type="TDM_List_Order">
      <List name="Items">
        <Object type="TDM_Item_Order">
          <Property name="IntOrderID" value="2121-SHELLEY-A1"/>
          <Property name="ExtOrderID" value=""/>
          <Property name="NumOrderID" value="9815115269505"/>
          <Property name="ImportOrderID" value=""/>
          <Property name="ClientID" value="98151"/>
          <Property name="ClientOrderNo" value=""/>
          <Property name="ClientContactPerson" value=""/>
          <Property name="OrderImportanceID" value="oiNormal"/>
          <Property name="Patient_RefNo" value=""/>
          <Property name="Patient_FirstName" value=""/>
          <Property name="Patient_LastName" value=""/>
          <Property name="PatientGuid" value=""/>
          <Property name="DeliveryAddress1" value=""/>
          <Property name="DeliveryAddress2" value=""/>
          <Property name="DeliveryZip" value=""/>
          <Property name="DeliveryCity" value=""/>
          <Property name="DeliveryState" value=""/>
          <Property name="DeliveryCountryID" value=""/>
          <Property name="DeliveryType" value=""/>
          <Property name="ShipToDeliveryAddress" value="False"/>
          <Property name="ShipToDifferentAddress" value="False"/>
          <Property name="OrderComments" value=""/>
          <Property name="CreatedFromApp" value="appDentalDesigner"/>
          <Property name="RelativePos" value="True"/>
          <Property name="OperatorID" value="Configuration_11_IDOperator01"/>
          <Property name="DesignModuleID" value="DD2021"/>
          <Property name="ScanModuleID" value="ModelBuilder"/>
          <Property name="FaceScanModuleID" value=""/>
          <Property name="OriginalOrderID" value=""/>
          <Property name="Customer" value="4151001724"/>
          <Property name="Items" value="Screw Retained Crown 12"/>
          <Property name="ManufName" value="AG 2019"/>
          <Property name="OperatorName" value="Tech 01"/>
          <Property name="CacheMaterialName" value="Zirkon"/>
          <Property name="CacheColor" value=""/>
          <Property name="CacheMaxScanDate" value="0"/>
          <Property name="OrderRelativePositionClass" value="orpSectioned"/>
          <Property name="ShipToERPCustNo" value=""/>
          <Property name="ERPCustomerNo" value=""/>
          <Property name="ShipToID" value=""/>
          <Property name="ModelManufacturingID" value=""/>
          <Property name="ScanSource" value="ssImportThirdPartySTL"/>
          <Property name="ImprovementProgramSendDate" value="0"/>
          <Property name="GroupFolder" value=""/>
          <Property name="TraySystemType" value="stNone"/>
        </Object>
      </List>
    </Object>
    <Object name="ModelJobList" type="TDM_List_ModelJob">
      <List name="Items">
        <Object type="TDM_Item_ModelJob">
          <Property name="ModelJobID" value="MJC1CEA1D0BD45457888556826B2F1BFDA"/>
          <Property name="OrderID" value="2121-SHELLEY-A1"/>
        </Object>
      </List>
    </Object>
    <Object name="ModelElementList" type="TDM_List_ModelElement">
      <List name="Items">
        <Object type="TDM_Item_ModelElement">
          <Property name="ModelElementID" value="ME224182EE897C481B8D4CD40FD701DF0B"/>
          <Property name="ModelJobID" value="MJC1CEA1D0BD45457888556826B2F1BFDA"/>
          <Property name="MaterialID" value="Configuration_08_Material1"/>
          <Property name="ColorID" value=""/>
          <Property name="ProcessStatusID" value="psModelled"/>
          <Property name="AltProcessStatusID" value="psModelled"/>
          <Property name="ProcessLockID" value="plReady"/>
          <Property name="ManufacturingProcessID" value="Configuration_08_ManufacturingProceesMillingGeneral1"/>
          <Property name="ManufacturerID" value="77997"/>
          <Property name="ModelHeight" value="7.15364265"/>
          <Property name="ModelVolume" value="169.353165"/>
          <Property name="ModelBoundingBoxMin" value="-1.29663982391357E+0001; -3.27183380126953E+0001; -8.19051384925842E-0001;"/>
          <Property name="ModelBoundingBoxMax" value="-6.49699115753174E+0000; -2.53786029815674E+0001;  8.28291320800781E+0000;"/>
          <Property name="ModelTransformation" value=""/>
          <Property name="ModelFilename" value="CAD\2121-SHELLEY-A1 0.dcm"/>
          <Property name="Location1" value=""/>
          <Property name="Location2" value=""/>
          <Property name="Location3" value=""/>
          <Property name="Location4" value=""/>
          <Property name="VirtualItem" value="False"/>
          <Property name="ModelComment" value=""/>
          <Property name="CreateDate" value="1667926722"/>
          <Property name="DeliveryDate" value="1667865600"/>
          <Property name="ShippingDate" value="1667865600"/>
          <Property name="ReceiveDate" value="1667865600"/>
          <Property name="ModelActive" value="True"/>
          <Property name="WasSent" value="False"/>
          <Property name="Items" value="Screw Retained Crown 12"/>
          <Property name="ManufName" value="AG 2019"/>
          <Property name="CacheMaterialName" value="Zirkon, M11, Mini (Yellow)"/>
          <Property name="CacheColor" value=""/>
          <Property name="CAMBlankID" value=""/>
          <Property name="CAMBlankBatchID" value=""/>
          <Property name="CAMJobID" value=""/>
          <Property name="CAMJobName" value=""/>
          <Property name="CAMErrorDescription" value=""/>
          <Property name="ERPItemNo" value=""/>
          <Property name="ModelElementType" value="meIndicationRegular"/>
          <Property name="ValidationResult" value="vrPassed"/>
          <Property name="IgnoredMaterialRestrictions" value=""/>
        </Object>
      </List>
    </Object>
    <Object name="ToothElementList" type="TDM_List_ToothElement">
      <List name="Items">
        <Object type="TDM_Item_ToothElement">
          <Property name="ToothElementID" value="TE08A86535EA1545CBB37506CCEF9B0081"/>
          <Property name="ModelElementID" value="ME224182EE897C481B8D4CD40FD701DF0B"/>
          <Property name="toothElementTypeID" value="AbutmentScrewRetainedCrown1"/>
          <Property name="ToothNumber" value="12"/>
          <Property name="AbutmentKitID" value="07744_TNL16OTMTB153_1"/>
          <Property name="Anatomical" value="False"/>
          <Property name="PostAndCore" value="False"/>
          <Property name="CacheToothTypeClass" value="teAbutmentScrewRetainedCrown"/>
        </Object>
      </List>
    </Object>
    <Object name="LinkList" type="TDM_List_Link">
      <List name="Items"/>
    </Object>
    <Object name="LinkToothElementList" type="TDM_List_LinkToothElement">
      <List name="Items"/>
    </Object>
    <Object name="SplitBridgeLinkList" type="TDM_List_SplitBridgeLink">
      <List name="Items"/>
    </Object>
    <Object name="CountryList" type="TDM_List_Country">
      <List name="Items"/>
    </Object>
    <Object name="MaterialList" type="TDM_List_Material">
      <List name="Items"/>
    </Object>
    <Object name="SiteList" type="TDM_List_Site">
      <List name="Items"/>
    </Object>
    <Object name="SitePreferencesList" type="TDM_List_SitePreferences">
      <List name="Items"/>
    </Object>
    <Object name="ManufacturingProcessList" type="TDM_List_ManufacturingProcess">
      <List name="Items"/>
    </Object>
    <Object name="Manufacturer_ManProcessList" type="TDM_List_Manufacturer_ManProcess">
      <List name="Items"/>
    </Object>
    <Object name="Material_ManProcessList" type="TDM_List_Material_ManProcess">
      <List name="Items"/>
    </Object>
    <Object name="ToothElementTypeList" type="TDM_List_ToothElementType">
      <List name="Items"/>
    </Object>
    <Object name="LinkTypeList" type="TDM_List_LinkType">
      <List name="Items"/>
    </Object>
    <Object name="OptionalComponentList" type="TDM_List_OptionalComponent">
      <List name="Items"/>
    </Object>
    <Object name="ValidationList" type="TDM_List_Validation">
      <List name="Items"/>
    </Object>
    <Object name="CementSpaceList" type="TDM_List_CementSpace">
      <List name="Items"/>
    </Object>
    <Object name="OverlayList" type="TDM_List_Overlay">
      <List name="Items"/>
    </Object>
    <Object name="CopingOverlayList" type="TDM_List_CopingOverlay">
      <List name="Items"/>
    </Object>
    <Object name="CrownOverlayList" type="TDM_List_CrownOverlay">
      <List name="Items"/>
    </Object>
    <Object name="InlayOverlayList" type="TDM_List_InlayOverlay">
      <List name="Items"/>
    </Object>
    <Object name="TabletopOverlayList" type="TDM_List_TabletopOverlay">
      <List name="Items"/>
    </Object>
    <Object name="TelescopeOverlayList" type="TDM_List_TelescopeOverlay">
      <List name="Items"/>
    </Object>
    <Object name="WaxupOverlayList" type="TDM_List_WaxupOverlay">
      <List name="Items"/>
    </Object>
    <Object name="ScanList" type="TDM_List_Scan">
      <List name="Items">
        <Object type="TDM_Item_Scan">
          <Property name="ScanID" value="S471D5245933B45F39C6E892E045E051A"/>
          <Property name="ScanType" value="stAbutmentAlignment"/>
          <Property name="ModelJobID" value="MJC1CEA1D0BD45457888556826B2F1BFDA"/>
          <Property name="ModelElementID" value="_NULL_"/>
          <Property name="ToothElementID" value="_NULL_"/>
          <Property name="ScanDate" value="0"/>
          <Property name="ScanName" value=""/>
          <Property name="FileName" value=""/>
        </Object>
        <Object type="TDM_Item_Scan">
          <Property name="ScanID" value="S88BF8740145F4997A724055A817B16E9"/>
          <Property name="ScanType" value="stPreparationIntraOral"/>
          <Property name="ModelJobID" value="MJC1CEA1D0BD45457888556826B2F1BFDA"/>
          <Property name="ModelElementID" value="_NULL_"/>
          <Property name="ToothElementID" value="_NULL_"/>
          <Property name="ScanDate" value="0"/>
          <Property name="ScanName" value=""/>
          <Property name="FileName" value=""/>
        </Object>
        <Object type="TDM_Item_Scan">
          <Property name="ScanID" value="S9F55FCA0891043AB88A851C8B45B540E"/>
          <Property name="ScanType" value="stAntagonistIntraOral"/>
          <Property name="ModelJobID" value="MJC1CEA1D0BD45457888556826B2F1BFDA"/>
          <Property name="ModelElementID" value="_NULL_"/>
          <Property name="ToothElementID" value="_NULL_"/>
          <Property name="ScanDate" value="0"/>
          <Property name="ScanName" value=""/>
          <Property name="FileName" value=""/>
        </Object>
      </List>
    </Object>
    <Object name="PathList" type="TDM_List_Path">
      <List name="Items"/>
    </Object>
    <Object name="InboxDataList" type="TDM_List_InboxData">
      <List name="Items"/>
    </Object>
    <Object name="TrackAndTraceList" type="TDM_List_TrackAndTrace">
      <List name="Items"/>
    </Object>
    <Object name="CustomDataList" type="TDM_List_CustomData">
      <List name="Items">
        <Object type="TDM_Item_CustomData">
          <Property name="CustomDataID" value="CD386ACA5B9F6A4B78B6A09B14C930512F"/>
          <Property name="OrderID" value="2121-SHELLEY-A1"/>
          <Property name="FieldID" value="{5D6159A4-7990-4967-86C1-53A2C694264D}"/>
          <Property name="FieldCaption" value=""/>
          <Property name="Value" value="2.21.1.0"/>
          <Property name="Kind" value="cdkInternal"/>
        </Object>
        <Object type="TDM_Item_CustomData">
          <Property name="CustomDataID" value="CD09353D87917847EB92D53FF53BEF054A"/>
          <Property name="OrderID" value="2121-SHELLEY-A1"/>
          <Property name="FieldID" value="{6737EB02-2414-4561-AD0D-FF36A62930B9}"/>
          <Property name="FieldCaption" value=""/>
          <Property name="Value" value="7b74eff4-d491-4d29-a65e-ac8cbe3db0d2"/>
          <Property name="Kind" value="cdkPublic"/>
        </Object>
      </List>
    </Object>
    <Object name="OrderExchangeElementList" type="TDM_List_OrderExchangeElement">
      <List name="Items">
        <Object type="TDM_Item_OrderExchangeElement">
          <Property name="OrderExchangeElementID" value="OEE29C8749CE93D42249E71A59511B5F34A"/>
          <Property name="OrderExchangeElementExtID" value="04E3C2A7-26DE-4CD8-A6C2-A7FD6817E9E6"/>
          <Property name="OrderID" value="2121-SHELLEY-A1"/>
          <Property name="Text" value="Auto created screenshots"/>
          <Property name="Author" value="a3159f17-070b-4974-90a1-a763017b4aa7"/>
          <Property name="CreateTimeStamp" value="1667995931"/>
          <Property name="SyncTimeStamp" value="0"/>
          <Property name="ApproveTimeStamp" value="0"/>
          <Property name="ApprovedBy" value=""/>
          <Property name="Kind" value="ekAttachmentOut"/>
          <Property name="Importance" value="eiLow"/>
          <Property name="ConnectionType" value="0"/>
        </Object>
      </List>
    </Object>
    <Object name="OrderExchangeAttachmentList" type="TDM_List_OrderExchangeAttachment">
      <List name="Items">
        <Object type="TDM_Item_OrderExchangeAttachment">
          <Property name="OrderExchangeAttachmentID" value="OEA21E5C082A8A845AFB3F7CF9B0AEB600F"/>
          <Property name="OrderExchangeAttachmentExtID" value="AB9824C5-FA83-4D56-A24D-2288BDF0F890"/>
          <Property name="OrderExchangeElementID" value="OEE29C8749CE93D42249E71A59511B5F34A"/>
          <Property name="Name" value="Left.jpg"/>
          <Property name="Path" value="3SCom\Screenshots\Left.jpg"/>
          <Property name="AttachmentType" value="Image"/>
        </Object>
        <Object type="TDM_Item_OrderExchangeAttachment">
          <Property name="OrderExchangeAttachmentID" value="OEA5C6FF428DB814ACAACD68CEDCE3DBB1F"/>
          <Property name="OrderExchangeAttachmentExtID" value="0CA6C55E-E80B-4593-8883-60C9C9C6832E"/>
          <Property name="OrderExchangeElementID" value="OEE29C8749CE93D42249E71A59511B5F34A"/>
          <Property name="Name" value="Back.jpg"/>
          <Property name="Path" value="3SCom\Screenshots\Back.jpg"/>
          <Property name="AttachmentType" value="Image"/>
        </Object>
        <Object type="TDM_Item_OrderExchangeAttachment">
          <Property name="OrderExchangeAttachmentID" value="OEA61F4DE82F7A04CACA9F8AAC3A9A8460A"/>
          <Property name="OrderExchangeAttachmentExtID" value="BBBF9A75-7775-4FD5-8C1C-C80CB4A42C25"/>
          <Property name="OrderExchangeElementID" value="OEE29C8749CE93D42249E71A59511B5F34A"/>
          <Property name="Name" value="Top.jpg"/>
          <Property name="Path" value="3SCom\Screenshots\Top.jpg"/>
          <Property name="AttachmentType" value="Image"/>
        </Object>
        <Object type="TDM_Item_OrderExchangeAttachment">
          <Property name="OrderExchangeAttachmentID" value="OEA86DBB50C96334873B6B39CB0BEC2DE99"/>
          <Property name="OrderExchangeAttachmentExtID" value="BC16DF35-38E2-44D0-8E42-EB72466F9871"/>
          <Property name="OrderExchangeElementID" value="OEE29C8749CE93D42249E71A59511B5F34A"/>
          <Property name="Name" value="Right.jpg"/>
          <Property name="Path" value="3SCom\Screenshots\Right.jpg"/>
          <Property name="AttachmentType" value="Image"/>
        </Object>
        <Object type="TDM_Item_OrderExchangeAttachment">
          <Property name="OrderExchangeAttachmentID" value="OEAA78D2710121648258019828F917BDD3A"/>
          <Property name="OrderExchangeAttachmentExtID" value="201CEC56-B2E1-49A6-A98A-EBB43B2B9ED3"/>
          <Property name="OrderExchangeElementID" value="OEE29C8749CE93D42249E71A59511B5F34A"/>
          <Property name="Name" value="Front.jpg"/>
          <Property name="Path" value="3SCom\Screenshots\Front.jpg"/>
          <Property name="AttachmentType" value="Image"/>
        </Object>
        <Object type="TDM_Item_OrderExchangeAttachment">
          <Property name="OrderExchangeAttachmentID" value="OEAFAA524F735124166924F8A1F8691A67C"/>
          <Property name="OrderExchangeAttachmentExtID" value="189601A0-1BA5-4AA6-9983-49FF34A37005"/>
          <Property name="OrderExchangeElementID" value="OEE29C8749CE93D42249E71A59511B5F34A"/>
          <Property name="Name" value="Bottom.jpg"/>
          <Property name="Path" value="3SCom\Screenshots\Bottom.jpg"/>
          <Property name="AttachmentType" value="Image"/>
        </Object>
      </List>
    </Object>
    <Object name="DigitalModelElementInfoList" type="TDM_List_DigitalModelElementInfo">
      <List name="Items"/>
    </Object>
    <Object name="MarginLineList" type="TDM_List_MarginLine">
      <List name="Items"/>
    </Object>
    <Object name="OperatorList" type="TDM_List_Operator">
      <List name="Items"/>
    </Object>
    <Object name="ColorList" type="TDM_List_Color">
      <List name="Items"/>
    </Object>
    <Object name="ColorGroupList" type="TDM_List_ColorGroup">
      <List name="Items"/>
    </Object>
    <Object name="ColorGroupLinkList" type="TDM_List_ColorGroup_Link">
      <List name="Items"/>
    </Object>
    <Object name="SmileLibraryList" type="TDM_List_SmileLibrary">
      <List name="Items"/>
    </Object>
    <Object name="SmileLibraryGroupList" type="TDM_List_SmileLibraryGroup">
      <List name="Items"/>
    </Object>
    <Object name="SmileLibraryGroupLinkList" type="TDM_List_SmileLibraryGroup_Link">
      <List name="Items"/>
    </Object>
    <Object name="SmileLibraryProviderList" type="TDM_List_SmileLibraryProvider">
      <List name="Items"/>
    </Object>
    <Object name="SmileLibraryProviderLinkList" type="TDM_List_SmileLibraryProvider_Link">
      <List name="Items"/>
    </Object>
    <Object name="FDSmileLibraryLinkList" type="TDM_List_FDSmileLibrary_Link">
      <List name="Items"/>
    </Object>
    <Object name="AttachmentList" type="TDM_List_Attachment">
      <List name="Items"/>
    </Object>
    <Object name="AttachmentGroupList" type="TDM_List_AttachmentGroup">
      <List name="Items"/>
    </Object>
    <Object name="Attachment_AttachmentGroupList" type="TDM_List_Attachment_AttachmentGroup">
      <List name="Items"/>
    </Object>
    <Object name="Attachment_MaterialList" type="TDM_List_Attachment_Material">
      <List name="Items"/>
    </Object>
    <Object name="ManufacturingBlankList" type="TDM_List_ManufacturingBlank">
      <List name="Items"/>
    </Object>
    <Object name="ManufacturingBlank_Material_LinkList" type="TDM_List_ManufacturingBlank_Material_Link">
      <List name="Items"/>
    </Object>
    <Object name="PressMultiSprueList" type="TDM_List_PressMultiSprue">
      <List name="Items"/>
    </Object>
    <Object name="PressMultiSprue_Material_LinkList" type="TDM_List_PressMultiSprue_Material_Link">
      <List name="Items"/>
    </Object>
    <Object name="PnCSystemList" type="TDM_List_PnCSystem">
      <List name="Items"/>
    </Object>
    <Object name="PnCTypeList" type="TDM_List_PnCType">
      <List name="Items"/>
    </Object>
    <Object name="BarGroupList" type="TDM_List_BarGroup">
      <List name="Items"/>
    </Object>
    <Object name="Bar_BarGroupList" type="TDM_List_Bar_BarGroup">
      <List name="Items"/>
    </Object>
    <Object name="Order2DImageOverlayList" type="TDM_List_Order2DImageOverlay">
      <List name="Items"/>
    </Object>
    <Object name="Material2DImageOverlayList" type="TDM_List_Material2DImageOverlay">
      <List name="Items"/>
    </Object>
    <Object name="JobTypeERPInformationList" type="TDM_List_JobTypeERPInformation">
      <List name="Items"/>
    </Object>
    <Object name="ExternalApplicationList" type="TDM_List_ExternalApplication">
      <List name="Items"/>
    </Object>
    <Object name="MillingMachineList" type="TDM_List_MillingMachine">
      <List name="Items"/>
    </Object>
    <Object name="ImplantSystemList" type="TDM_List_ImplantSystem">
      <List name="Items"/>
    </Object>
    <Object name="ImplantSystemPartList" type="TDM_List_ImplantSystemPart">
      <List name="Items"/>
    </Object>
    <Object name="AbutmentKitList" type="TDM_List_AbutmentKit">
      <List name="Items"/>
    </Object>
    <Object name="ImplantSystemGroupList" type="TDM_List_ImplantSystemGroup">
      <List name="Items"/>
    </Object>
    <Object name="ImplantSystem_ImplantSystemGroupList" type="TDM_List_ImplantSystem_ImplantSystemGroup">
      <List name="Items"/>
    </Object>
    <Object name="AbutmentKitMaterialRelationList" type="TDM_List_AbutmentKitMaterialRelation">
      <List name="Items"/>
    </Object>
    <Object name="AbutmentKitImplantPartExtraRelationList" type="TDM_List_AbutmentKitImplantPartExtraRelation">
      <List name="Items"/>
    </Object>
    <Object name="IPGSSurgicalTrayList" type="TDM_List_IPGS_SurgicalTray">
      <List name="Items"/>
    </Object>
    <Object name="IPGSSleeveList" type="TDM_List_IPGS_Sleeve">
      <List name="Items"/>
    </Object>
    <Object name="IPGSSleeveGroupOffsetList" type="TDM_List_IPGS_SleeveGroupOffset">
      <List name="Items"/>
    </Object>
    <Object name="IPGSGroupOffsetList" type="TDM_List_IPGS_GroupOffset">
      <List name="Items"/>
    </Object>
    <Object name="IPGSImplantTraySleeveList" type="TDM_List_IPGS_ImplantTraySleeve">
      <List name="Items"/>
    </Object>
    <Object name="DentureWaxTemplateList" type="TDM_List_DentureWaxTemplate">
      <List name="Items"/>
    </Object>
    <Object name="RPDConnectorList" type="TDM_List_RPDConnector">
      <List name="Items"/>
    </Object>
    <Object name="WaxProfileStripList" type="TDM_List_WaxProfileStrip">
      <List name="Items"/>
    </Object>
    <Object name="RetentionsList" type="TDM_List_Retentions">
      <List name="Items"/>
    </Object>
    <Object name="StippledWaxList" type="TDM_List_StippledWax">
      <List name="Items"/>
    </Object>
    <Object name="ModelManufacturingList" type="TDM_List_ModelManufacturing">
      <List name="Items"/>
    </Object>
    <Object name="ArticulatorInterfaceList" type="TDM_List_ArticulatorInterface">
      <List name="Items"/>
    </Object>
    <Object name="ArticulatorList" type="TDM_List_Articulator">
      <List name="Items"/>
    </Object>
    <Object name="ArticulatorToolList" type="TDM_List_Articulator_Tool">
      <List name="Items"/>
    </Object>
    <Object name="CommunicateOrderList" type="TDM_List_CommunicateOrder">
      <List name="Items"/>
    </Object>
    <Property name="ImportForceOverwrite" value="false"/>
    <Property name="ImportForceClean" value="false"/>
    <Property name="EmptyRecycleBin" value="false"/>
  </Object>
</DentalContainer>
